N,seed_qsk,seed_nqs,model,energy,rel_energy_error,energy_variance
14,1234,,Exact GS,-14.764653510748113,0.0,0.0
14,1234,101.0,RBM (Euclidean),-14.761476858434582,0.0002151525134821859,0.021786146726611832
14,1234,101.0,HRBM (Hyperbolic),-14.760713082029845,0.0002668825729909319,0.027058079285524173
14,1234,202.0,RBM (Euclidean),-14.758577854923363,0.0004115000613002713,0.037651121644614705
14,1234,202.0,HRBM (Hyperbolic),-14.761986828341328,0.00018061259648549627,0.020216229280492826
14,1234,303.0,RBM (Euclidean),-14.758886544076226,0.0003905927536795079,0.03735417745312475
14,1234,303.0,HRBM (Hyperbolic),-14.762984789663893,0.00011302135082313789,0.013049146856701554
14,1234,404.0,RBM (Euclidean),-14.748049075945392,0.0011246071430415618,0.090978251191558
14,1234,404.0,HRBM (Hyperbolic),-14.762158108577214,0.00016901190191035518,0.019400160480927298
14,1234,505.0,RBM (Euclidean),-14.747524967064203,0.0011601046832179968,0.09524920402398607
14,1234,505.0,HRBM (Hyperbolic),-14.7531043609909,0.0007822161047535576,0.05346405532884546
14,4444,,Exact GS,-14.762866099617053,0.0,0.0
14,4444,101.0,RBM (Euclidean),-14.758695264715135,0.0002825220301921378,0.028706997661259948
14,4444,101.0,HRBM (Hyperbolic),-14.760519002848497,0.00015898652421002718,0.017805070506767606
14,4444,202.0,RBM (Euclidean),-14.76152233707846,9.102314750571656e-05,0.010122957814928668
14,4444,202.0,HRBM (Hyperbolic),-14.760725214021548,0.00014501828988076483,0.01677355486569354
14,4444,303.0,RBM (Euclidean),-14.759310020379768,0.00024088000346877714,0.025004560300089906
14,4444,303.0,HRBM (Hyperbolic),-14.761113046960485,0.00011874744678564566,0.013840087265549528
14,4444,404.0,RBM (Euclidean),-14.758721510443815,0.00028074420950995787,0.029172963279194164
14,4444,404.0,HRBM (Hyperbolic),-14.760656844634076,0.00014964946292067463,0.01699445041316494
14,4444,505.0,RBM (Euclidean),-14.760838217968693,0.00013736368227388148,0.015179563329866141
14,4444,505.0,HRBM (Hyperbolic),-14.76052200569045,0.00015878311913045142,0.01763010277281296
14,5678,,Exact GS,-14.784241858715378,0.0,0.0
14,5678,101.0,RBM (Euclidean),-14.781617402726395,0.0001775171168101125,0.019364149125294716
14,5678,101.0,HRBM (Hyperbolic),-14.781279922422291,0.00020034414489374265,0.022204253655786488
14,5678,202.0,RBM (Euclidean),-14.782262720261313,0.00013386810585068313,0.014850648158642343
14,5678,202.0,HRBM (Hyperbolic),-14.781591161414262,0.00017929206830128786,0.020475173307346495
14,5678,303.0,RBM (Euclidean),-14.780974604230664,0.0002209957410015835,0.023571571025428284
14,5678,303.0,HRBM (Hyperbolic),-14.781827002643531,0.00016333986517020133,0.01903944329833962
14,5678,404.0,RBM (Euclidean),-14.782370948862386,0.00012654756807083223,0.014046939931887437
14,5678,404.0,HRBM (Hyperbolic),-14.781718333937267,0.00017069017148303535,0.019891840903511593
14,5678,505.0,RBM (Euclidean),-14.781360063713173,0.00019492342114966392,0.020752854265339238
14,5678,505.0,HRBM (Hyperbolic),-14.781864484665217,0.0001608045967375205,0.018598232691829253
14,6666,,Exact GS,-14.88476065070784,0.0,0.0
14,6666,101.0,RBM (Euclidean),-14.878887680801608,0.00039456260292318414,0.04025547547357178
14,6666,101.0,HRBM (Hyperbolic),-14.881940189032747,0.0001894865319825293,0.02165465109442266
14,6666,202.0,RBM (Euclidean),-14.881240413292106,0.00023649943041347186,0.025410396544003788
14,6666,202.0,HRBM (Hyperbolic),-14.882255781877893,0.0001682841188197136,0.01957482125504839
14,6666,303.0,RBM (Euclidean),-14.875245974932184,0.0006392226250008775,0.05847893380428104
14,6666,303.0,HRBM (Hyperbolic),-14.881433333911554,0.00022353848169721823,0.024869761926851197
14,6666,404.0,RBM (Euclidean),-14.8826604627968,0.00014109651880362474,0.01599851284822762
14,6666,404.0,HRBM (Hyperbolic),-14.882567568899141,0.00014733739158877927,0.01752413226009253
14,6666,505.0,RBM (Euclidean),-14.882918722795072,0.00012374588721922937,0.013866322599142222
14,6666,505.0,HRBM (Hyperbolic),-14.882174613965704,0.00017373720698777616,0.020028930088500374
14,9012,,Exact GS,-14.777943671992197,0.0,0.0
14,9012,101.0,RBM (Euclidean),-14.773279429659679,0.0003156218778501892,0.029352602043417164
14,9012,101.0,HRBM (Hyperbolic),-14.775520532011148,0.00016397003770163916,0.01695042868021801
14,9012,202.0,RBM (Euclidean),-14.776217139150326,0.00011683173790571627,0.012322073554969393
14,9012,202.0,HRBM (Hyperbolic),-14.776472458880493,9.955465688321948e-05,0.011308857487108526
14,9012,303.0,RBM (Euclidean),-14.769756072183114,0.0005540418877493203,0.04611447025743587
14,9012,303.0,HRBM (Hyperbolic),-14.775790932362728,0.00014567247495667114,0.01511311921780134
14,9012,404.0,RBM (Euclidean),-14.761253183792952,0.0011294188535092107,0.08610058440766011
14,9012,404.0,HRBM (Hyperbolic),-14.77585283583851,0.00014148356497326427,0.015215272255375112
14,9012,505.0,RBM (Euclidean),-14.776051335119606,0.00012805143358194456,0.013716925564665416
14,9012,505.0,HRBM (Hyperbolic),-14.776261128028292,0.00011385508033127024,0.012622920545112493
14,9999,,Exact GS,-15.419419320298228,0.0,0.0
14,9999,101.0,RBM (Euclidean),-15.41668122099993,0.00017757473491196438,0.021663017123103145
14,9999,101.0,HRBM (Hyperbolic),-15.415385663034739,0.00026159592522266085,0.03160005775509944
14,9999,202.0,RBM (Euclidean),-15.41610063768328,0.00021522747037426343,0.02514955087059434
14,9999,202.0,HRBM (Hyperbolic),-15.415477503629788,0.00025563976091185154,0.0315879466198794
14,9999,303.0,RBM (Euclidean),-15.415067026841799,0.0002822605291432957,0.033149426755016975
14,9999,303.0,HRBM (Hyperbolic),-15.414051617410578,0.0003481131666601675,0.04179193663438241
14,9999,404.0,RBM (Euclidean),-15.41635665925566,0.00019862363030340773,0.022757951235433893
14,9999,404.0,HRBM (Hyperbolic),-15.41367112424457,0.00037278939850168076,0.0432430043849763
14,9999,505.0,RBM (Euclidean),-15.41587122964905,0.0002301053350633268,0.026278537305387317
14,9999,505.0,HRBM (Hyperbolic),-15.41602605915054,0.00022006413323375404,0.027925797233052663
